CDR3a,TRAV,TRAJ,CDR3b,TRBV,TRBJ,Peptide,HLA
CILPLAGGTSYGKLTF,TRAV26-2,TRAJ52,CASSLGQAYEQYF,TRBV7-8,TRBJ2-7,FLRGRAYGL,B0801
CILPLAGGTSYGKLTF,TRAV26-2,TRAJ52,CASSSGQAYEQYF,TRBV7-8,TRBJ2-7,FLRGRAYGL,B0801
CAVRDTTWDDKIIF,TRAV3,TRAJ30,CASSLGGGEGASEQFF,TRBV7-6,TRBJ2-1,FLRGRAYGL,B0801
CAVRDTTWAAKIIF,TRAV3,TRAJ30,CASSLGGGEGASEQFF,TRBV7-6,TRBJ2-1,FLRGRAYGL,B0801
CAPSLNSGGYQKVTF,TRAV2,TRAJ13,CASSVVGGDYGYTF,TRBV2,TRBJ1-2,FLRGRAYGL,B0801
CILPLAGGTRYGKLTF,TRAV26-2,TRAJ52,CASSLGQAYEQYF,TRBV7-8,TRBJ2-7,FLRGRAYGL,B0801
CILPLAGGTSYGKLTF,TRAV26-2,TRAJ52,CASSQGQAYEQYF,TRBV7-8,TRBJ2-7,FLRGRAYGL,B0801
CILPLAGGTNYGKLTF,TRAV26-2,TRAJ52,CASSLGQAYEQYF,TRBV7-8,TRBJ2-7,FLRGRAYGL,B0801
CILPLADGTSYGKLTF,TRAV26-2,TRAJ52,CASSLGQAYEQYF,TRBV7-8,TRBJ2-7,FLRGRAYGL,B0801
CAVRDTTWADKIIF,TRAV3,TRAJ30,CASSLGGGEGASEQFF,TRBV7-6,TRBJ2-1,FLRGRAYGL,B0801
CAVKTDTNAGKSTF,TRAV12-2,TRAJ27,CASSDSIGFNSPLHF,TRBV6-4,TRBJ1-6,FLRGRAYGL,B0801
CAVIQTGANNLFF,TRAV2,TRAJ36,CASSVSGAPYEQYF,TRBV9,TRBJ2-7,FLRGRAYGL,B0801
CILPLAGGTSYGKLTF,TRAV26-2,TRAJ52,CASSSGQAYEQYL,TRBV7-8,TRBJ2-7,FLRGRAYGL,B0801
CILPLEGGTSYGKLTF,TRAV26-2,TRAJ52,CASSSGQAYEQYF,TRBV7-8,TRBJ2-7,FLRGRAYGL,B0801
CILPLAGGTRYGKLTF,TRAV26-2,TRAJ52,CASSSGQAYEQYF,TRBV7-8,TRBJ2-7,FLRGRAYGL,B0801
CVVSASGGSYIPTF,TRAV10,TRAJ6,CASSPTVGFAGELFF,TRBV4-3,TRBJ2-2,FLRGRAYGL,B0801
CILGMPGGGADGLTF,TRAV26-2,TRAJ45,CASSMGNAFGKLFF,TRBV6-1,TRBJ1-4,FLRGRAYGL,B0801
CAVRTSGFQKLVF,TRAV12-2,TRAJ8,CASSLREFHETQYF,TRBV6-1,TRBJ2-5,FLRGRAYGL,B0801
CLLPLAGGPSYGKLTF,TRAV26-2,TRAJ52,CASSLGQAYEQYF,TRBV7-8,TRBJ2-7,FLRGRAYGL,B0801
CILPLAGGTSYGKPTF,TRAV26-2,TRAJ52,CASSLGQAYEQYF,TRBV7-8,TRBJ2-7,FLRGRAYGL,B0801
CILPLAGGTSSGKLTF,TRAV26-2,TRAJ52,CASSLGQAYEQYF,TRBV7-8,TRBJ2-7,FLRGRAYGL,B0801
CILPLAGGTSHGKLTF,TRAV26-2,TRAJ52,CASSLGQAYEQYF,TRBV7-8,TRBJ2-7,FLRGRAYGL,B0801
CILPLAGGPRYGKLTF,TRAV26-2,TRAJ52,CASSLGQAYEQYF,TRBV7-8,TRBJ2-7,FLRGRAYGL,B0801
CILPLAGGASYGKLTF,TRAV26-2,TRAJ52,CASSLGQAYEQYF,TRBV7-8,TRBJ2-7,FLRGRAYGL,B0801
CILPLAGGTSYGKLTF,TRAV26-2,TRAJ52,CASRLGQAYEQYF,TRBV7-8,TRBJ2-7,FLRGRAYGL,B0801
CILPLAGGTSYGKLTF,TRAV26-2,TRAJ52,CANSLGQAYEQYF,TRBV7-8,TRBJ2-7,FLRGRAYGL,B0801
CAAAETSYDKVIF,TRAV13-1,TRAJ50,CASQLAGGTGELFF,TRBV24-1,TRBJ2-2,RAKFKQLL,B0801
CIVREGGGADGLTF,TRAV26-1,TRAJ45,CASSLAVGEGPQHF,TRBV7-9,TRBJ1-5,RAKFKQLL,B0801
CAASETSYDKVIF,TRAV13-1,TRAJ50,CASSWLGDRYNSPLHF,TRBV7-9,TRBJ1-6,RAKFKQLL,B0801
CAVSDGEGAQKLVF,TRAV8-6,TRAJ54,CASSLTVLAGPNTEAFF,TRBV7-3,TRBJ1-1,RAKFKQLL,B0801
CAATETSYDKVIF,TRAV13-1,TRAJ50,CASSPPGRNEKLFF,TRBV12-3,TRBJ1-4,RAKFKQLL,B0801
CAAAETSYDKVIF,TRAV13-1,TRAJ50,CASSQLGEAKEGTEAFF,TRBV11-1,TRBJ1-1,RAKFKQLL,B0801
CAEMETSYDKVIF,TRAV13-2,TRAJ50,CASSSLSGGAGNEQFF,TRBV7-9,TRBJ2-1,RAKFKQLL,B0801
CAATETSYDKVIF,TRAV13-1,TRAJ50,CASSPLGSNEKLFF,TRBV7-9,TRBJ1-4,RAKFKQLL,B0801
CIVREGGGADGLPF,TRAV26-1,TRAJ45,CASSLAVGEGPQHF,TRBV7-9,TRBJ1-5,RAKFKQLL,B0801
CAALETSYDKVIF,TRAV13-1,TRAJ50,CASSPDGSTGELFF,TRBV12-3,TRBJ2-2,RAKFKQLL,B0801
CAASETSYDKVIF,TRAV13-1,TRAJ50,CASSLVDRPYEQYF,TRBV7-9,TRBJ2-7,RAKFKQLL,B0801
CAAKETSYDKVIF,TRAV13-1,TRAJ50,CASSLLGRSNTEAFF,TRBV7-9,TRBJ1-1,RAKFKQLL,B0801
CASSPPGRNEKLFF,TRAV9-2,TRAJ5,CASSPPGRNEKLFF,TRBV12-3,TRBJ1-4,RAKFKQLL,B0801
CAMSEDGF,TRAV12-3,TRAJ37,CASSPGPNTEAFF,TRBV4-2,TRBJ1-1,RAKFKQLL,B0801
CAATETSYDKVIF,TRAV13-1,TRAJ50,CASSLLGVRDRENEQYF,TRBV11-1,TRBJ2-7,RAKFKQLL,B0801
CAAGETSYDKVIF,TRAV13-1,TRAJ50,CASSLLGSQNTEAFF,TRBV7-9,TRBJ1-1,RAKFKQLL,B0801
CAMREGEGGGFKTIF,TRAV14/DV4,TRAJ9,CASSSGLAGGSHTGELFF,TRBV11-1,TRBJ2-2,RAKFKQLL,B0801
CAVEDQGRSYNTDKLIF,TRAV2,TRAJ34,CASSLNVGEGAGNTIYF,TRBV7-6,TRBJ1-3,RAKFKQLL,B0801
CAGQRETSYDKVIF,TRAV25,TRAJ50,CASSQLGGVYNEQFF,TRBV7-9,TRBJ2-1,RAKFKQLL,B0801
CAETETSYDKVIF,TRAV13-2,TRAJ50,CASSFTSGTDPELFF,TRBV7-9,TRBJ2-2,RAKFKQLL,B0801
CAASETSYDKVIF,TRAV13-1,TRAJ50,CASSFTGSSGNTIYF,TRBV12-3,TRBJ1-3,RAKFKQLL,B0801
CAAKETSYDKVIF,TRAV13-1,TRAJ50,CASSLLGGTDTGELFF,TRBV7-9,TRBJ2-2,RAKFKQLL,B0801
CAGAETSYDKVIF,TRAV13-1,TRAJ50,CASSLLGGDSGNTIYF,TRBV7-9,TRBJ1-3,RAKFKQLL,B0801
CAASETSYDKVIF,TRAV13-1,TRAJ50,CASSPLGDRENSPLHF,TRBV7-9,TRBJ1-6,RAKFKQLL,B0801
CAEMETSYDKVIF,TRAV13-2,TRAJ50,CASSLLGTVDNSPLHF,TRBV7-9,TRBJ1-6,RAKFKQLL,B0801
CAAIETSYDKVIF,TRAV13-1,TRAJ50,CSVGGNTEAFF,TRBV29-1,TRBJ1-1,RAKFKQLL,B0801
CAARETSYDKVIF,TRAV13-1,TRAJ50,CASSPLGTADSGNTIYF,TRBV11-1,TRBJ1-3,RAKFKQLL,B0801
CASSPLGSNEKLFF,TRAV36/DV7,TRAJ5,CASSPLGSNEKLFF,TRBV7-9,TRBJ1-4,RAKFKQLL,B0801
CAASETSYDKVIF,TRAV13-1,TRAJ50,CASSPLGDSAYEQYF,TRBV7-9,TRBJ2-7,RAKFKQLL,B0801
CAARETSYDKVIF,TRAV13-1,TRAJ50,CASSLVQGYEQYF,TRBV7-9,TRBJ2-7,RAKFKQLL,B0801
CAMRAIEGANNLFF,TRAV14/DV4,TRAJ36,CASSLSSGGRGEQYF,TRBV4-1,TRBJ2-7,RAKFKQLL,B0801
CAPFNFNKFYF,TRAV13-1,TRAJ21,CASSLRGGQETQYF,TRBV7-3,TRBJ2-5,RAKFKQLL,B0801
CAAPETSYDKVIF,TRAV13-1,TRAJ50,CASSLLGEQNSPLHF,TRBV7-9,TRBJ1-6,RAKFKQLL,B0801
CALCDRGSTLGRLYF,TRAV19,TRAJ18,CASSLGREIGPIEQFF,TRBV7-8,TRBJ2-1,RAKFKQLL,B0801
CIVREGGGAAGLPF,TRAV26-1,TRAJ45,CASSLAVGEGPQHF,TRBV7-9,TRBJ1-5,RAKFKQLL,B0801
CAASETSYDKVIF,TRAV13-1,TRAJ50,CASSHTQDIPNYGYTF,TRBV12-3,TRBJ1-2,RAKFKQLL,B0801
CAMREDTGRRALTF,TRAV14/DV4,TRAJ5,CASSFNSLQEIAYEQYF,TRBV11-2,TRBJ2-7,RAKFKQLL,B0801
CAAGETSYDKVIF,TRAV13-1,TRAJ50,CAKPDGGEDTEAFF,TRBV6-8,TRBJ1-1,RAKFKQLL,B0801
CAATFYGGSQGNLIF,TRAV29/DV5,TRAJ42,CASSTQTAPDDTQYF,TRBV7-9,TRBJ2-3,RAKFKQLL,B0801
CAATETSYDKVIF,TRAV13-1,TRAJ50,CASSSLTNTEAFF,TRBV7-9,TRBJ1-1,RAKFKQLL,B0801
CAASETSYDKVIF,TRAV13-1,TRAJ50,CASSRLGVGTWDEQFF,TRBV7-9,TRBJ2-1,RAKFKQLL,B0801
CAASETSYDKVIF,TRAV13-1,TRAJ50,CASSRLGGETGELFF,TRBV7-2,TRBJ2-2,RAKFKQLL,B0801
CAARETSYDKVIF,TRAV13-1,TRAJ50,CASSRIGQGVGETQYF,TRBV7-9,TRBJ2-5,RAKFKQLL,B0801
CAVMMEYGNKLVF,TRAV12-2,TRAJ47,CASSQLPTGYFSEQYF,TRBV4-1,TRBJ2-7,RAKFKQLL,B0801
CASSPGPNTEAFF,TRAV36/DV7,TRAJ40,CASSPGPNTEAFF,TRBV4-2,TRBJ1-1,RAKFKQLL,B0801
CAVSDGEGAQQLVF,TRAV8-6,TRAJ54,CASSLTVLAGPNTEAFF,TRBV7-3,TRBJ1-1,RAKFKQLL,B0801
CAVEKKNTDKLIF,TRAV21,TRAJ34,CASSLNVGEGAGNTIYF,TRBV7-6,TRBJ1-3,RAKFKQLL,B0801
CATPTGANNLFF,TRAV35,TRAJ36,CASSLLGSVDTEAFF,TRBV7-9,TRBJ1-1,RAKFKQLL,B0801
CAMREGEAGGFKTIF,TRAV14/DV4,TRAJ9,CASSLGGTGFQPQHF,TRBV7-9,TRBJ1-5,RAKFKQLL,B0801
CAASEHNQFYF,TRAV13-1,TRAJ49,CASSFPSLHTQYF,TRBV12-3,TRBJ2-3,RAKFKQLL,B0801
CAVRPLGGNTPLVF,TRAV12-2,TRAJ29,CASGPDISYSYEQYF,TRBV12-5,TRBJ2-7,RAKFKQLL,B0801
CAMANSGGSNYKLTF,TRAV12-3,TRAJ53,CSVGSGDYEQYF,TRBV29-1,TRBJ2-7,RAKFKQLL,B0801
CAMREGESSASKIIF,TRAV14/DV4,TRAJ3,CSVGQAYGYTF,TRBV29-1,TRBJ1-2,RAKFKQLL,B0801
CAATETSYDKVIF,TRAV13-1,TRAJ50,CSAGGNTEAFF,TRBV29-1,TRBJ1-1,RAKFKQLL,B0801
CAAMETSYDKVIF,TRAV13-1,TRAJ50,CASSYLDRENTEAFF,TRBV7-2,TRBJ1-1,RAKFKQLL,B0801
CAASPPKLIF,TRAV29/DV5,TRAJ34,CASSSLVDNEQFF,TRBV7-3,TRBJ2-1,RAKFKQLL,B0801
CASSSLGQKNTEAFF,TRAV36/DV7,TRAJ40,CASSSLGQKNTEAFF,TRBV7-9,TRBJ1-1,RAKFKQLL,B0801
CAATETSYDKVIF,TRAV13-1,TRAJ50,CASSRLGTEETQYF,TRBV7-9,TRBJ2-5,RAKFKQLL,B0801
CIVRETNNDMRF,TRAV26-1,TRAJ43,CASSQTGSLNTEAFF,TRBV4-1,TRBJ1-1,RAKFKQLL,B0801
CAVRDDYGQNFVF,TRAV3,TRAJ26,CASSQDSHSAYEQYF,TRBV4-1,TRBJ2-7,RAKFKQLL,B0801
CAMRDPRTGANNLFF,TRAV14/DV4,TRAJ36,CASSQAPGQRTGELFF,TRBV4-1,TRBJ2-2,RAKFKQLL,B0801
CAVGEDRLMF,TRAV8-3,TRAJ31,CASSPSNGAGGYTF,TRBV4-1,TRBJ1-2,RAKFKQLL,B0801
CASSPPGSNEKLFF,TRAV9-2,TRAJ5,CASSPPGSNEKLFF,TRBV12-3,TRBJ1-4,RAKFKQLL,B0801
CASSPLGSHEKLFF,TRAV36/DV7,TRAJ5,CASSPLGSNEKLFF,TRBV7-9,TRBJ1-4,RAKFKQLL,B0801
CAATETSYDKVIF,TRAV13-1,TRAJ50,CASSPLGCNEKLFF,TRBV7-9,TRBJ1-4,RAKFKQLL,B0801
CVVSDMEYGNKLVF,TRAV8-2,TRAJ47,CASSLVVSHGELFF,TRBV7-2,TRBJ2-2,RAKFKQLL,B0801
CAPSETSYDKVIF,TRAV13-1,TRAJ50,CASSLVQGVHNEQFF,TRBV7-9,TRBJ2-1,RAKFKQLL,B0801
CAVSDGEGAQKLVF,TRAV8-6,TRAJ54,CASSLTVLAGPNTETFF,TRBV7-3,TRBJ1-1,RAKFKQLL,B0801
CALEEDNARLMF,TRAV38-1,TRAJ31,CASSLRLSYEQYF,TRBV27,TRBJ2-7,RAKFKQLL,B0801
CAASEGNEKLTF,TRAV13-1,TRAJ48,CASSLNGLDEQYF,TRBV7-3,TRBJ2-7,RAKFKQLL,B0801
CAATETSYDKVIF,TRAV13-1,TRAJ50,CASSLLGVRDKENEQYF,TRBV11-1,TRBJ2-7,RAKFKQLL,B0801
CAAKETSYDKVIF,TRAV13-1,TRAJ50,CASSLLGTEDNSPLHF,TRBV7-9,TRBJ1-6,RAKFKQLL,B0801
CAASETSYDKVIF,TRAV13-1,TRAJ50,CASSLLGSSGNTIYF,TRBV7-9,TRBJ1-3,RAKFKQLL,B0801
CAASETSYDKVIF,TRAV13-1,TRAJ50,CASSLLGNNDSPLHF,TRBV7-9,TRBJ1-6,RAKFKQLL,B0801
CAMSSMDTGRRALTF,TRAV12-3,TRAJ5,CASSLHDTEAFF,TRBV28,TRBJ1-1,RAKFKQLL,B0801
CIVREGGGAAGLTF,TRAV26-1,TRAJ45,CASSLAVGEGPQHF,TRBV7-9,TRBJ1-5,RAKFKQLL,B0801
CIVREGGDADGLTF,TRAV26-1,TRAJ45,CASSLAVGEGPQHF,TRBV7-9,TRBJ1-5,RAKFKQLL,B0801
CASSFTGQVNTEAFF,TRAV9-1,TRAJ40,CASSFTGQVNTEAFF,TRBV12-3,TRBJ1-1,RAKFKQLL,B0801
CAASETSYDKVIF,TRAV13-1,TRAJ50,CASSFTGQVNTEAFF,TRBV12-3,TRBJ1-1,RAKFKQLL,B0801
CAASEDARLMF,TRAV13-1,TRAJ31,CASSFPFQSYGYTF,TRBV7-9,TRBJ1-2,RAKFKQLL,B0801
CAASETSYDKVIF,TRAV13-1,TRAJ50,CASSFLGQMNTEAFF,TRBV7-9,TRBJ1-1,RAKFKQLL,B0801
CAALETSYDKVIF,TRAV13-1,TRAJ50,CASSEPFEQYF,TRBV2,TRBJ2-7,RAKFKQLL,B0801
CAAAETSYDKVIF,TRAV13-1,TRAJ50,CASSALGQTHTEAFF,TRBV7-9,TRBJ1-1,RAKFKQLL,B0801
CAARETSYDKVIF,TRAV13-1,TRAJ50,CASSALGQIQETQYF,TRBV7-9,TRBJ2-5,RAKFKQLL,B0801
CVAKETSYDKVIF,TRAV12-1,TRAJ50,CASSALGGRGDTQYF,TRBV7-9,TRBJ2-3,RAKFKQLL,B0801
CAASAEARLMF,TRAV29/DV5,TRAJ31,CASRVGREPTGELFF,TRBV3-1,TRBJ2-2,RAKFKQLL,B0801
CAASETSYDKVIF,TRAV13-1,TRAJ50,CASLQGGKEKLFF,TRBV12-3,TRBJ1-4,RAKFKQLL,B0801
CAATETSYDKVIF,TRAV13-1,TRAJ50,CASIDLGGEVSYNEQFF,TRBV11-1,TRBJ2-1,RAKFKQLL,B0801
CAESTSGGKLIF,TRAV5,TRAJ23,CSVGTGGTNEKLFF,TRBV29-1,TRBJ1-4,GLCTLVAML,A0201
CVVNGRDSSYKLIF,TRAV12-1,TRAJ12,CASSSGLVAPGELFF,TRBV2,TRBJ2-2,GLCTLVAML,A0201
CASLTPGASKIIF,TRAV8-6,TRAJ3,CASSSGLVAPGELFF,TRBV2,TRBJ2-2,GLCTLVAML,A0201
CVVNGGDSSYKLIF,TRAV12-1,TRAJ12,CASSSGQVLPNEQFF,TRBV2,TRBJ2-1,GLCTLVAML,A0201
CAAYAGNMLTF,TRAV29/DV5,TRAJ39,CASRMGAGDTQYF,TRBV10-2,TRBJ2-3,GLCTLVAML,A0201
CGTEEPNDYKLSF,TRAV30,TRAJ20,CASSTGQLSNTGELFF,TRBV9,TRBJ2-2,GLCTLVAML,A0201
CAAYAGNMLTF,TRAV29/DV5,TRAJ39,CASRAGAGDTQYF,TRBV10-2,TRBJ2-3,GLCTLVAML,A0201
CALYNTDKLIF,TRAV9-2,TRAJ34,CASSPVSGSTYEQYF,TRBV3-1,TRBJ2-7,GLCTLVAML,A0201
CGPEEPNDYKLSF,TRAV30,TRAJ20,CASSTGQLSNTGELFF,TRBV9,TRBJ2-2,GLCTLVAML,A0201
CVVNGRDSSYKLIF,TRAV12-1,TRAJ12,CASSDGRVHPGTQYF,TRBV2,TRBJ2-5,GLCTLVAML,A0201
CVVNGKDSSYKLIF,TRAV12-1,TRAJ12,CASSGGAVAPSEQFF,TRBV2,TRBJ2-1,GLCTLVAML,A0201
CASSEGRVSPGEAFF,TRAV14/DV4,TRAJ40,CASSEGRVSPGEAFF,TRBV2,TRBJ1-1,GLCTLVAML,A0201
CAEAANQAGTALIF,TRAV5,TRAJ15,CASSQSPGGTQYF,TRBV14,TRBJ2-3,GLCTLVAML,A0201
CVVNGEDSSYKLIF,TRAV12-1,TRAJ12,CASSEGRVSPGEAFF,TRBV2,TRBJ1-1,GLCTLVAML,A0201
CAVVSNSGYALNF,TRAV21,TRAJ41,CASSSGGNVDTQYF,TRBV7-3,TRBJ2-3,GLCTLVAML,A0201
CILRRYGGSQGNLIF,TRAV26-2,TRAJ42,CASSPVSGSTYEQYF,TRBV3-1,TRBJ2-7,GLCTLVAML,A0201
CVVNVTYNFNKFYF,TRAV12-1,TRAJ21,CASSAGTVAPGELFF,TRBV2,TRBJ2-2,GLCTLVAML,A0201
CAEDHALNF,TRAV23/DV6,TRAJ41,CASSSGQGDNEQFF,TRBV11-2,TRBJ2-1,GLCTLVAML,A0201
CGPEEPNDYKLSF,TRAV30,TRAJ20,CASSPGQLSNTGELFF,TRBV9,TRBJ2-2,GLCTLVAML,A0201
CASRAGAGDTQYF,TRAV9-1,TRAJ40,CASRAGAGDTQYF,TRBV10-2,TRBJ2-3,GLCTLVAML,A0201
CAEDNNARLMF,TRAV29/DV5,TRAJ31,CSVDQRTGQKKNYGYTF,TRBV29-1,TRBJ1-2,GLCTLVAML,A0201
CVVSAENQGGKLIF,TRAV10,TRAJ23,CASSVWTGHNEQFF,TRBV6-4,TRBJ2-1,GLCTLVAML,A0201
CAAPPPNAGNMLTF,TRAV29/DV5,TRAJ39,CASSPGTGGHEQYF,TRBV7-9,TRBJ2-7,GLCTLVAML,A0201
CAAYAGNMLAF,TRAV29/DV5,TRAJ39,CASRMGAGDTQYF,TRBV10-2,TRBJ2-3,GLCTLVAML,A0201
CAEGSQGNLIF,TRAV5,TRAJ42,CSVGGSFYGYTF,TRBV29-1,TRBJ1-2,GLCTLVAML,A0201
CAASGGSQGNLIF,TRAV29/DV5,TRAJ42,CSTQEGGYGYTF,TRBV29-1,TRBJ1-2,GLCTLVAML,A0201
CGTAEPNDYKLSF,TRAV30,TRAJ20,CASSTGQLSNTGELFF,TRBV9,TRBJ2-2,GLCTLVAML,A0201
CVVNGRDSGYKLIF,TRAV12-1,TRAJ12,CASSSGLVAPGELFF,TRBV2,TRBJ2-2,GLCTLVAML,A0201
CAEAANQAGTALVF,TRAV5,TRAJ15,CASSQSPGGTQYF,TRBV14,TRBJ2-3,GLCTLVAML,A0201
CAMREGEDSNYQLIW,TRAV14/DV4,TRAJ33,CASSQEGHLTNYGYTF,TRBV4-2,TRBJ1-2,GLCTLVAML,A0201
CAVRDDRDDKIIF,TRAV3,TRAJ30,CASSLNAGEWYGYTF,TRBV11-2,TRBJ1-2,GLCTLVAML,A0201
CVVNGGDSSYKLIF,TRAV12-1,TRAJ12,CASSEGRVAPGEQYF,TRBV2,TRBJ2-7,GLCTLVAML,A0201
CAAYAGNMLPF,TRAV29/DV5,TRAJ39,CASRMGAGDTQYF,TRBV10-2,TRBJ2-3,GLCTLVAML,A0201
CAAYAGNLLTF,TRAV29/DV5,TRAJ39,CASRMGAGDTQYF,TRBV10-2,TRBJ2-3,GLCTLVAML,A0201
CAAYAGNMLTF,TRAV29/DV5,TRAJ39,CANRMGAGDTQYF,TRBV10-2,TRBJ2-3,GLCTLVAML,A0201
CAVALSSKSTF,TRAV8-3,TRAJ27,CASSGDGMNTEAFF,TRBV10-2,TRBJ1-1,CLGGLLTMV,A0201
CAVLMDSNYQLIW,TRAV21,TRAJ33,CASSGDGMNTEAFF,TRBV10-2,TRBJ1-1,CLGGLLTMV,A0201
CAVLQDSNYQLIW,TRAV12-2,TRAJ33,CASSDDGMNTEAFF,TRBV10-2,TRBJ1-1,CLGGLLTMV,A0201
CAVLMDSNYQLIW,TRAV21,TRAJ33,CASSEDGMNTEAFF,TRBV10-2,TRBJ1-1,CLGGLLTMV,A0201
CAVLLDSNYQLIW,TRAV12-3,TRAJ33,CASSEDGMNTEAFF,TRBV10-2,TRBJ1-1,CLGGLLTMV,A0201
CAGTTEDSNYQLIW,TRAV25,TRAJ33,CSARDLRAGRAYEQYF,TRBV20-1,TRBJ2-7,CLGGLLTMV,A0201
CAVALSSKSTF,TRAV8-3,TRAJ27,CASSLGQAYEQYF,TRBV7-8,TRBJ2-7,CLGGLLTMV,A0201
CAGSGAGSYQLTF,TRAV25,TRAJ28,CASSLEGQASSYEQYF,TRBV5-1,TRBJ2-7,CLGGLLTMV,A0201
CAGDGRTGANNLFF,TRAV36/DV7,TRAJ36,CASSDDGMNTEAFF,TRBV10-2,TRBJ1-1,CLGGLLTMV,A0201
CAVNSGNTPLVF,TRAV1-2,TRAJ29,CASSQVNNPGDGYTF,TRBV14,TRBJ1-2,QAKWRLQTL,B0801
CAVTLTLYSGAGSYQLTF,TRAV21,TRAJ28,CASSLMGTGGLSEKLFF,TRBV28,TRBJ1-4,QAKWRLQTL,B0801
CAVNSGHTPLVF,TRAV1-2,TRAJ29,CASSQVNNPGDGYTF,TRBV14,TRBJ1-2,QAKWRLQTL,B0801
CAVTSLYSGAGSYQLTF,TRAV3,TRAJ28,CASSLTGPIPSTDTQYF,TRBV27,TRBJ2-3,QAKWRLQTL,B0801
CAASAGLYSGAGRYQLTF,TRAV29/DV5,TRAJ28,CASSLNPVLRLDTQYF,TRBV28,TRBJ2-3,QAKWRLQTL,B0801
CAVTLTLYSGAGRYQLTF,TRAV21,TRAJ28,CASSLMGTGGLSEKLFF,TRBV28,TRBJ1-4,QAKWRLQTL,B0801
CALLGSSNTGKLIF,TRAV19,TRAJ37,CASSLHLRQDEQPQHF,TRBV28,TRBJ1-5,QAKWRLQTL,B0801
CALSEEIYNQGGKLIF,TRAV19,TRAJ23,CASSLAGTGYNEQFF,TRBV7-2,TRBJ2-1,QAKWRLQTL,B0801
CASQGGSQGNLIF,TRAV20,TRAJ42,CASSLGGQTETQYF,TRBV13,TRBJ2-5,TLLANVTAV,A0201
CAVSSGYSTLTF,TRAV8-1,TRAJ11,CASSSLSGSGQPQHF,TRBV28,TRBJ1-5,YVLDHLIVV,A0201
CALGGLTF,TRAV8-1,TRAJ22,CASSPSTSGSGETQYF,TRBV3-1,TRBJ2-5,YVLDHLIVV,A0201
CAVKDTDKLIF,TRAV8-1,TRAJ34,CAWSVQLAGVDEQYF,TRBV30,TRBJ2-7,YVLDHLIVV,A0201
CAVKDTDKLIF,TRAV8-1,TRAJ34,CSATDSTYNEQFF,TRBV20-1,TRBJ2-1,YVLDHLIVV,A0201
CAMREGTGNFNKFYF,TRAV14/DV4,TRAJ21,CASKGIDGYTF,TRBV13,TRBJ1-2,YVLDHLIVV,A0201
CALKNTDKLIF,TRAV16,TRAJ34,CASSQSRGSLWDTQYF,TRBV4-3,TRBJ2-3,YVLDHLIVV,A0201
CAVKGYDKIIF,TRAV8-1,TRAJ30,CASSPDQTSSYNEQFF,TRBV27,TRBJ2-1,YVLDHLIVV,A0201
CAVKETGKLIF,TRAV8-1,TRAJ37,CASTSGSGFEQYF,TRBV7-9,TRBJ2-7,YVLDHLIVV,A0201
CAVKRRAAGNKLTF,TRAV12-2,TRAJ17,CASTDTLSLINTGELFF,TRBV28,TRBJ2-2,YVLDHLIVV,A0201
CAVKEGGKLIF,TRAV8-1,TRAJ23,CASSQMSDTQYF,TRBV6-2,TRBJ2-3,YVLDHLIVV,A0201
CAFGGLTF,TRAV8-1,TRAJ22,CASSPSTSGSGETQYF,TRBV3-1,TRBJ2-5,YVLDHLIVV,A0201
CAVKDTDKLIF,TRAV8-3,TRAJ34,CASSPLLGSNQPQHF,TRBV19,TRBJ1-5,YVLDHLIVV,A0201
CAVKDTDKLIF,TRAV8-1,TRAJ34,CASSPHLGAAAEQYF,TRBV19,TRBJ2-7,YVLDHLIVV,A0201
CALKNTDKLIF,TRAV16,TRAJ34,CASSLSVLSYNEQFF,TRBV27,TRBJ2-1,YVLDHLIVV,A0201
CAVNALDKLIF,TRAV8-1,TRAJ34,CASSEAFLADNEQFF,TRBV6-4,TRBJ2-1,YVLDHLIVV,A0201
CAVNSKNYQLIW,TRAV12-2,TRAJ33,CSDRDGGNYGYTF,TRBV29-1,TRBJ1-2,YVLDHLIVV,A0201
CAVKVDGQKLLF,TRAV8-1,TRAJ16,CAWSDQLGAARELFF,TRBV30,TRBJ2-2,YVLDHLIVV,A0201
CAVKDTDKLIF,TRAV8-1,TRAJ34,CAWGVQLAGVDEQYF,TRBV30,TRBJ2-7,YVLDHLIVV,A0201
CALKDTDKLIF,TRAV16,TRAJ34,CATSDWLTNEQFF,TRBV24-1,TRBJ2-1,YVLDHLIVV,A0201
CASSYMSGEAFF,TRAV9-1,TRAJ40,CASSYMSGEAFF,TRBV6-2,TRBJ1-1,YVLDHLIVV,A0201
CAVKDTDKLIF,TRAV8-1,TRAJ34,CASSQVVGAYGYTF,TRBV3-1,TRBJ1-2,YVLDHLIVV,A0201
CAVKNTDKLIF,TRAV8-1,TRAJ34,CASSQDETGFLAGELFF,TRBV14,TRBJ2-2,YVLDHLIVV,A0201
CAVKDTDKLIF,TRAV8-1,TRAJ34,CASSLQAANYGYTF,TRBV3-1,TRBJ1-2,YVLDHLIVV,A0201
CAVKDTDKLIF,TRAV8-1,TRAJ34,CASSHQASEQYF,TRBV10-1,TRBJ2-7,YVLDHLIVV,A0201
CAVKDTDKLIF,TRAV8-1,TRAJ34,CASSATGDYYGYTF,TRBV3-1,TRBJ1-2,YVLDHLIVV,A0201
CALNTDKLIF,TRAV8-1,TRAJ34,CASGTLAGAGQTQYF,TRBV3-1,TRBJ2-5,YVLDHLIVV,A0201
CVVNGENARLMF,TRAV12-1,TRAJ31,CASSEMWGAPLHF,TRBV2,TRBJ1-6,CTELKLSDY,A0101
CAPASGGSYIPTF,TRAV24,TRAJ6,CASCRDGTYEQYF,TRBV10-3,TRBJ2-7,CTELKLSDY,A0101
CADYSSASKIIF,TRAV1-1,TRAJ3,CASSQDGLAATSTDTQYF,TRBV4-1,TRBJ2-3,CTELKLSDY,A0101
CAVNPSFQKLVF,TRAV12-2,TRAJ8,CASSQEGQGAGELFF,TRBV4-1,TRBJ2-2,CTELKLSDY,A0101
CAETGSNQAGTALIF,TRAV13-2,TRAJ15,CASSQDGYGGDQPQHF,TRBV4-1,TRBJ1-5,CTELKLSDY,A0101
CAVEVDKLIF,TRAV41,TRAJ34,CASSLWYRVETQYF,TRBV5-6,TRBJ2-5,CTELKLSDY,A0101
CAVRRHQAGTALIF,TRAV3,TRAJ15,CASSFGVGDTEETQYF,TRBV5-4,TRBJ2-5,CTELKLSDY,A0101
CAVLPSNDYKLSF,TRAV21,TRAJ20,CASIGKTTSTDTQYF,TRBV19,TRBJ2-3,CTELKLSDY,A0101
CALSSYSGGYQKVTF,TRAV19,TRAJ13,CSADSYRDIDNYGYTF,TRBV20-1,TRBJ1-2,CTELKLSDY,A0101
CAFMKLTYNNNDMRF,TRAV38-1,TRAJ43,CSADGYRGPYGYTF,TRBV20-1,TRBJ1-2,CTELKLSDY,A0101
CAFEADTGNQFYF,TRAV24,TRAJ49,CASYSTSGGQETQYF,TRBV2,TRBJ2-5,CTELKLSDY,A0101
CAASGDYKLSF,TRAV13-1,TRAJ20,CASSPKTGAGLAGDEQFF,TRBV11-1,TRBJ2-1,CTELKLSDY,A0101
CAGFPWAAGNKLTF,TRAV25,TRAJ17,CASSMMTGDSYNSPLHF,TRBV19,TRBJ1-6,CTELKLSDY,A0101
CAVGSPNYGGSQGNLIF,TRAV36/DV7,TRAJ42,CASSLEPHGYTF,TRBV5-4,TRBJ1-2,CTELKLSDY,A0101
CARSGSGSARPLTF,TRAV36/DV7,TRAJ22,CASIGKTTSTDTQYF,TRBV19,TRBJ2-3,CTELKLSDY,A0101
CARRGSGSARPLTF,TRAV36/DV7,TRAJ22,CASIGKTTSTDTQYF,TRBV19,TRBJ2-3,CTELKLSDY,A0101
CVVSDRNFNKFYF,TRAV8-2,TRAJ21,CAISESLGRDEQYF,TRBV10-3,TRBJ2-7,CTELKLSDY,A0101
CGTQENDSWGKLQF,TRAV30,TRAJ24,CASSVRAGETQYF,TRBV19,TRBJ2-5,GILGFVFTL,A0201
CATPTVSTGANSKLTF,TRAV17,TRAJ56,CASSMMGSGYNEQFF,TRBV19,TRBJ2-1,GILGFVFTL,A0201
CAVSDRDGGFKTIF,TRAV8-4,TRAJ9,CASSINGGRRDGYTF,TRBV19,TRBJ1-2,GILGFVFTL,A0201
CGTETDNNAGNMLTF,TRAV30,TRAJ39,CASSIYSINEQFF,TRBV19,TRBJ2-1,GILGFVFTL,A0201
CAMREGVVEYGNKLVF,TRAV14/DV4,TRAJ47,CASSFGAGELFF,TRBV19,TRBJ2-2,GILGFVFTL,A0201
CAGNYGGSQGNLIF,TRAV25,TRAJ42,CASSTRSTGELFF,TRBV19,TRBJ2-2,GILGFVFTL,A0201
CAGNYGGSQGNLIF,TRAV25,TRAJ42,CASSLRSTGELFF,TRBV19,TRBJ2-2,GILGFVFTL,A0201
CAMREDNAGNMLTF,TRAV14/DV4,TRAJ39,CASSIIDRTLGTDTQYF,TRBV19,TRBJ2-3,GILGFVFTL,A0201
CAVNYDKAAGNKLTF,TRAV12-2,TRAJ17,CASSIGSGEQFF,TRBV19,TRBJ2-1,GILGFVFTL,A0201
CAVRDIHTGGFKTIF,TRAV3,TRAJ9,CASSARDDYDEQYF,TRBV9,TRBJ2-7,GILGFVFTL,A0201
CAYGQNFVF,TRAV8-3,TRAJ26,CASSADSDYGYTF,TRBV9,TRBJ1-2,YLLEMLWRL,A0201
CAVNRFLADRGSTLGRLYF,TRAV12-2,TRAJ18,CASSQEVTDTQYF,TRBV4-3,TRBJ2-3,YLLEMLWRL,A0201
CAVNAFSGGYNKLIF,TRAV8-1,TRAJ4,CASSQEDSRWEQFF,TRBV14,TRBJ2-1,YLLEMLWRL,A0201
CAATSYTGTASKLTF,TRAV8-1,TRAJ44,CASSLYYNEQFF,TRBV12-3,TRBJ2-1,YLLEMLWRL,A0201
CALTTYGQNFVF,TRAV38-1,TRAJ26,CSASRVSYEQYF,TRBV20-1,TRBJ2-7,YLLEMLWRL,A0201
CALIYYGGSQGNLIF,TRAV19,TRAJ42,CATFPDGSYEQYF,TRBV28,TRBJ2-7,YLLEMLWRL,A0201
CAVNGGERSGGSNYKLTF,TRAV12-2,TRAJ53,CASSVGGISPLHF,TRBV9,TRBJ1-6,YLLEMLWRL,A0201
CAVREYGNKLVF,TRAV1-2,TRAJ47,CASSLAGREGTQYF,TRBV11-3,TRBJ2-3,ELRSRYWAI,B0801
CAMRDSTGGSNYKLTF,TRAV14/DV4,TRAJ53,CASSSVPDMNTEAFF,TRBV19,TRBJ1-1,RPIIRPATL,B0801
CAVSGNTGKLIF,TRAV20,TRAJ37,CASSQWDNQPQHF,TRBV4-1,TRBJ1-5,WMRLLPLL,B0801
CAMSAAGANSKLTF,TRAV12-3,TRAJ56,CASSPPYNEQFF,TRBV7-8,TRBJ2-1,LLSLFSLWL,A0201
CVVIDYGQNFVF,TRAV8-2,TRAJ26,CASSAWGGADPTDTQYF,TRBV9,TRBJ2-3,LRLRLDQL,B0801
CAVAETSNTGGFKTIF,TRAV12-2,TRAJ9,CASSLMAGSTDTQYF,TRBV27,TRBJ2-3,YLQQNWWTL,A0201
CVAIASGGSYIPTF,TRAV12-1,TRAJ6,CASSQDSTPLHF,TRBV4-2,TRBJ1-6,YLQQNWWTL,A0201
CVGTRSGGSYIPTF,TRAV12-1,TRAJ6,CASSQDSSEQYF,TRBV4-2,TRBJ2-7,YLQQNWWTL,A0201
CVGSRGGGSYIPTF,TRAV12-1,TRAJ6,CASSQDSSEAFF,TRBV4-2,TRBJ1-1,YLQQNWWTL,A0201
CAVSGGFKTIF,TRAV12-2,TRAJ9,CASMDSNSGNTIYF,TRBV2,TRBJ1-3,KLQVFLIVL,A0201
CATVGSSGYSTLTF,TRAV17,TRAJ11,CASTAQGGNIQYF,TRBV6-1,TRBJ2-4,FLYALALLL,A0201
CATEGDSGYSTLTF,TRAV17,TRAJ11,CASSPQGGGYGYTF,TRBV6-1,TRBJ1-2,FLYALALLL,A0201
CAVEDQGHNFNKFYF,TRAV2,TRAJ21,CASSSQFGGKETQYF,TRBV7-8,TRBJ2-5,RLLPLLALL,A0201
CATSDSWGKLQF,TRAV12-2,TRAJ24,CASSQDLRGEQYF,TRBV4-2,TRBJ2-7,CPLSKILL,B0801
CAARTSYDKVIF,TRAV13-1,TRAJ50,CASSPGTSPLHF,TRBV4-2,TRBJ1-6,NLAQDLATV,A0201
CAASVLPGNTPLVF,TRAV23/DV6,TRAJ29,CASSIGQTGELFF,TRBV19,TRBJ2-2,KIVALGINAV,A0201
CAVIGGSNYKLTF,TRAV12-2,TRAJ53,CASSIALAGGEQFF,TRBV19,TRBJ2-1,LLAGIGTVPI,A0201
CAVGTGGADGLTF,TRAV12-2,TRAJ45,CAISGSPGGNYGYTF,TRBV10-3,TRBJ1-2,LLAGIGTVPI,A0201
CAMRDEDYKLSF,TRAV14/DV4,TRAJ20,CASSESGRGQSETQYF,TRBV10-1,TRBJ2-5,RGPGRAFVTI,A0201
